{"cameraMode":{"drawMode":31,"name":"Sprite Mask","section":"Miscellaneous"},"sceneLighting":true,"audioPlay":false,"sceneViewState":{"showFog":true,"showMaterialUpdate":false,"showSkybox":true,"showFlares":true,"showImageEffects":true,"showParticleSystems":true},"in2DMode":false,"pivot":{"x":-0.024644851684570314,"y":0.6963281631469727,"z":-0.5464038848876953},"rotation":{"x":-0.10499567538499832,"y":0.8949845433235169,"z":-0.3098675608634949,"w":-0.30325764417648318},"size":4.282327651977539,"orthographic":false}