{"cameraMode":{"drawMode":31,"name":"Sprite Mask","section":"Miscellaneous"},"sceneLighting":true,"audioPlay":false,"sceneViewState":{"showFog":true,"showMaterialUpdate":false,"showSkybox":true,"showFlares":true,"showImageEffects":true,"showParticleSystems":true},"in2DMode":false,"pivot":{"x":35.07652282714844,"y":-9.903861999511719,"z":-40.54351806640625},"rotation":{"x":-0.06552179902791977,"y":0.9323418140411377,"z":-0.21663989126682282,"w":-0.28198277950286868},"size":215.97877502441407,"orthographic":false}